Workbook

Sheet samples
A1: Time | B1: F1 | C1: F2 | D1: F1 + F2
A2: 0 | B2: =0.5*SIN(2*PI()*F1_*$A2) -> 0 | C2: =COS(2*PI()*F2_*$A2)*0.5 -> 0.5 | D2: =samples!C2+samples!B2 -> 0.5
A3: =samples!A2+Ts -> 0.0001 | B3: =0.5*SIN(2*PI()*F1_*$A3) -> 0.093690657 | C3: =COS(2*PI()*F2_*$A3)*0.5 -> 0.48429158 | D3: =samples!C3+samples!B3 -> 0.57798224
A4: =samples!A3+Ts -> 0.0002 | B4: =0.5*SIN(2*PI()*F1_*$A4) -> 0.18406228 | C4: =COS(2*PI()*F2_*$A4)*0.5 -> 0.43815334 | D4: =samples!C4+samples!B4 -> 0.62221562
A5: =samples!A4+Ts -> 0.0003 | B5: =0.5*SIN(2*PI()*F1_*$A5) -> 0.2679134 | C5: =COS(2*PI()*F2_*$A5)*0.5 -> 0.36448431 | D5: =samples!C5+samples!B5 -> 0.63239771
A6: =samples!A5+Ts -> 0.0004 | B6: =0.5*SIN(2*PI()*F1_*$A6) -> 0.34227355 | C6: =COS(2*PI()*F2_*$A6)*0.5 -> 0.2679134 | D6: =samples!C6+samples!B6 -> 0.61018695
A7: =samples!A6+Ts -> 0.0005 | B7: =0.5*SIN(2*PI()*F1_*$A7) -> 0.4045085 | C7: =COS(2*PI()*F2_*$A7)*0.5 -> 0.1545085 | D7: =samples!C7+samples!B7 -> 0.55901699
A8: =samples!A7+Ts -> 0.0006 | B8: =0.5*SIN(2*PI()*F1_*$A8) -> 0.45241353 | C8: =COS(2*PI()*F2_*$A8)*0.5 -> 0.03139526 | D8: =samples!C8+samples!B8 -> 0.48380879
A9: =samples!A8+Ts -> 0.0007 | B9: =0.5*SIN(2*PI()*F1_*$A9) -> 0.48429158 | C9: =COS(2*PI()*F2_*$A9)*0.5 -> -0.093690657 | D9: =samples!C9+samples!B9 -> 0.39060092
A10: =samples!A9+Ts -> 0.0008 | B10: =0.5*SIN(2*PI()*F1_*$A10) -> 0.49901336 | C10: =COS(2*PI()*F2_*$A10)*0.5 -> -0.21288965 | D10: =samples!C10+samples!B10 -> 0.28612372
A11: =samples!A10+Ts -> 0.0009 | B11: =0.5*SIN(2*PI()*F1_*$A11) -> 0.49605735 | C11: =COS(2*PI()*F2_*$A11)*0.5 -> -0.31871199 | D11: =samples!C11+samples!B11 -> 0.17734536
A12: =samples!A11+Ts -> 0.001 | B12: =0.5*SIN(2*PI()*F1_*$A12) -> 0.47552826 | C12: =COS(2*PI()*F2_*$A12)*0.5 -> -0.4045085 | D12: =samples!C12+samples!B12 -> 0.071019761
A13: =samples!A12+Ts -> 0.0011 | B13: =0.5*SIN(2*PI()*F1_*$A13) -> 0.43815334 | C13: =COS(2*PI()*F2_*$A13)*0.5 -> -0.46488824 | D13: =samples!C13+samples!B13 -> -0.026734903
A14: =samples!A13+Ts -> 0.0012 | B14: =0.5*SIN(2*PI()*F1_*$A14) -> 0.38525662 | C14: =COS(2*PI()*F2_*$A14)*0.5 -> -0.49605735 | D14: =samples!C14+samples!B14 -> -0.11080073
... A4059: =samples!A4058+Ts -> 0.4057 | B4059: =0.5*SIN(2*PI()*F1_*$A4059) -> -0.48429158 | C4059: =COS(2*PI()*F2_*$A4059)*0.5 -> -0.093690657 | D4059: =samples!C4059+samples!B4059 -> -0.57798224
A4060: =samples!A4059+Ts -> 0.4058 | B4060: =2*SIN(2*PI()*F1_*$A4060) -> -1.9960535 | C4060: =COS(2*PI()*F2_*$A4060)*0.5 -> -0.21288965 | D4060: =samples!C4060+samples!B4060 -> -2.2089431
A4061: =samples!A4060+Ts -> 0.4059 | B4061: =0.5*SIN(2*PI()*F1_*$A4061) -> -0.49605735 | C4061: =COS(2*PI()*F2_*$A4061)*0.5 -> -0.31871199 | D4061: =samples!C4061+samples!B4061 -> -0.81476935
A4062: =samples!A4061+Ts -> 0.406 | B4062: =0.5*SIN(2*PI()*F1_*$A4062) -> -0.47552826 | C4062: =COS(2*PI()*F2_*$A4062)*0.5 -> -0.4045085 | D4062: =samples!C4062+samples!B4062 -> -0.88003676
A4063: =samples!A4062+Ts -> 0.4061 | B4063: =0.5*SIN(2*PI()*F1_*$A4063) -> -0.43815334 | C4063: =COS(2*PI()*F2_*$A4063)*0.5 -> -0.46488824 | D4063: =samples!C4063+samples!B4063 -> -0.90304158
A4064: =samples!A4063+Ts -> 0.4062 | B4064: =0.5*SIN(2*PI()*F1_*$A4064) -> -0.38525662 | C4064: =COS(2*PI()*F2_*$A4064)*0.5 -> -0.49605735 | D4064: =samples!C4064+samples!B4064 -> -0.88131397
A4065: =samples!A4064+Ts -> 0.4063 | B4065: =0.5*SIN(2*PI()*F1_*$A4065) -> -0.31871199 | C4065: =COS(2*PI()*F2_*$A4065)*0.5 -> -0.49605735 | D4065: =samples!C4065+samples!B4065 -> -0.81476935
A4066: =samples!A4065+Ts -> 0.4064 | B4066: =0.5*SIN(2*PI()*F1_*$A4066) -> -0.24087684 | C4066: =COS(2*PI()*F2_*$A4066)*0.5 -> -0.46488824 | D4066: =samples!C4066+samples!B4066 -> -0.70576508
A4067: =samples!A4066+Ts -> 0.4065 | B4067: =0.5*SIN(2*PI()*F1_*$A4067) -> -0.1545085 | C4067: =COS(2*PI()*F2_*$A4067)*0.5 -> -0.4045085 | D4067: =samples!C4067+samples!B4067 -> -0.55901699
A4068: =samples!A4067+Ts -> 0.4066 | B4068: =0.5*SIN(2*PI()*F1_*$A4068) -> -0.062666617 | C4068: =COS(2*PI()*F2_*$A4068)*0.5 -> -0.31871199 | D4068: =samples!C4068+samples!B4068 -> -0.38137861
A4069: =samples!A4068+Ts -> 0.4067 | B4069: =0.5*SIN(2*PI()*F1_*$A4069) -> 0.03139526 | C4069: =COS(2*PI()*F2_*$A4069)*0.5 -> -0.21288965 | D4069: =samples!C4069+samples!B4069 -> -0.18149439
A4070: =samples!A4069+Ts -> 0.4068 | B4070: =0.5*SIN(2*PI()*F1_*$A4070) -> 0.12434494 | C4070: =COS(2*PI()*F2_*$A4070)*0.5 -> -0.093690657 | D4070: =samples!C4070+samples!B4070 -> 0.030654286
A4071: =samples!A4070+Ts -> 0.4069 | B4071: =0.5*SIN(2*PI()*F1_*$A4071) -> 0.21288965 | C4071: =COS(2*PI()*F2_*$A4071)*0.5 -> 0.03139526 | D4071: =samples!C4071+samples!B4071 -> 0.24428491
A4072: =samples!A4071+Ts -> 0.407 | B4072: =0.5*SIN(2*PI()*F1_*$A4072) -> 0.29389263 | C4072: =COS(2*PI()*F2_*$A4072)*0.5 -> 0.1545085 | D4072: =samples!C4072+samples!B4072 -> 0.44840112
... A4096: =samples!A4095+Ts -> 0.4094 | B4096: =0.5*SIN(2*PI()*F1_*$A4096) -> -0.45241353 | C4096: =COS(2*PI()*F2_*$A4096)*0.5 -> 0.03139526 | D4096: =samples!C4096+samples!B4096 -> -0.42101827

Sheet Config
A1: Ts | B1: =1/10000 -> 0.0001 | C1: S
A2: F1 | B2: 300 | C2: Hz
A3: F2 | B3: 400 | C3: Hz

Sheet Coefficients_bp_10kHz
A1: Index | B1: Coefficient
A2: 0 | B2: -0.0043226084
A3: 1 | B3: 0.001268298
A4: 2 | B4: 0.0011526905
A5: 3 | B5: 0.0010759816
A6: 4 | B6: 0.0010199084
A7: 5 | B7: 0.00096786771
A8: 6 | B8: 0.00090710841
A9: 7 | B9: 0.00082904915
A10: 8 | B10: 0.00073001083
A11: 9 | B11: 0.00061078955
A12: 10 | B12: 0.00047645596
A13: 11 | B13: 0.00033754925
... A160: 158 | B160: -0.0043226084

Sheet Coefficients_lp_10kHz
A1: Index | B1: Coefficient
A2: 0 | B2: 0.0044474838
A3: 1 | B3: 0.0063367685
A4: 2 | B4: 0.0031195982
A5: 3 | B5: 0.0068996541
A6: 4 | B6: 0.0058858781
A7: 5 | B7: 0.00788317
A8: 6 | B8: 0.0075488691
A9: 7 | B9: 0.0083695679
A10: 8 | B10: 0.0079218241
A11: 9 | B11: 0.0077754676
A12: 10 | B12: 0.0068489762
A13: 11 | B13: 0.0058764917
... A122: 120 | B122: 0.0044474838

Sheet o_samples (example)
A1: Time | B1: o_sample
A2: 0 | B2: 0.000131056
A3: 0.0005 | B3: -5.09972e-05
A4: 0.001 | B4: -0.00214329
A5: 0.0015 | B5: -0.00663866
A6: 0.002 | B6: -0.00955443
A7: 0.0025 | B7: -0.00493797
A8: 0.003 | B8: 0.00588095
A9: 0.0035 | B9: 0.0112095
A10: 0.004 | B10: 0.00225032
A11: 0.0045 | B11: -0.0117011
A12: 0.005 | B12: -0.0113209
A13: 0.0055 | B13: 0.00585042
... A257: 0.1275 | B257: -0.928761
