Workbook

Sheet samples
A1: Time | B1: F1 | C1: F2 | D1: F1 + F2
A2: 0 | B2: =SIN(2*PI()*F1_*$A2) -> 0 | C2: =COS(2*PI()*F2_*$A2) -> 1 | D2: =samples!C2+samples!B2 -> 1
A3: =samples!A2+Ts -> 0.0001 | B3: =SIN(2*PI()*F1_*$A3) -> 0.24868989 | C3: =COS(2*PI()*F2_*$A3) -> 0.95105652 | D3: =samples!C3+samples!B3 -> 1.1997464
A4: =samples!A3+Ts -> 0.0002 | B4: =SIN(2*PI()*F1_*$A4) -> 0.48175367 | C4: =COS(2*PI()*F2_*$A4) -> 0.80901699 | D4: =samples!C4+samples!B4 -> 1.2907707
A5: =samples!A4+Ts -> 0.0003 | B5: =SIN(2*PI()*F1_*$A5) -> 0.68454711 | C5: =COS(2*PI()*F2_*$A5) -> 0.58778525 | D5: =samples!C5+samples!B5 -> 1.2723324
A6: =samples!A5+Ts -> 0.0004 | B6: =SIN(2*PI()*F1_*$A6) -> 0.84432793 | C6: =COS(2*PI()*F2_*$A6) -> 0.30901699 | D6: =samples!C6+samples!B6 -> 1.1533449
A7: =samples!A6+Ts -> 0.0005 | B7: =SIN(2*PI()*F1_*$A7) -> 0.95105652 | C7: =COS(2*PI()*F2_*$A7) -> 6.123234e-17 | D7: =samples!C7+samples!B7 -> 0.95105652
A8: =samples!A7+Ts -> 0.0006 | B8: =SIN(2*PI()*F1_*$A8) -> 0.99802673 | C8: =COS(2*PI()*F2_*$A8) -> -0.30901699 | D8: =samples!C8+samples!B8 -> 0.68900973
A9: =samples!A8+Ts -> 0.0007 | B9: =SIN(2*PI()*F1_*$A9) -> 0.98228725 | C9: =COS(2*PI()*F2_*$A9) -> -0.58778525 | D9: =samples!C9+samples!B9 -> 0.394502
A10: =samples!A9+Ts -> 0.0008 | B10: =SIN(2*PI()*F1_*$A10) -> 0.90482705 | C10: =COS(2*PI()*F2_*$A10) -> -0.80901699 | D10: =samples!C10+samples!B10 -> 0.095810058
A11: =samples!A10+Ts -> 0.0009 | B11: =SIN(2*PI()*F1_*$A11) -> 0.77051324 | C11: =COS(2*PI()*F2_*$A11) -> -0.95105652 | D11: =samples!C11+samples!B11 -> -0.18054327
A12: =samples!A11+Ts -> 0.001 | B12: =SIN(2*PI()*F1_*$A12) -> 0.58778525 | C12: =COS(2*PI()*F2_*$A12) -> -1 | D12: =samples!C12+samples!B12 -> -0.41221475
A13: =samples!A12+Ts -> 0.0011 | B13: =SIN(2*PI()*F1_*$A13) -> 0.36812455 | C13: =COS(2*PI()*F2_*$A13) -> -0.95105652 | D13: =samples!C13+samples!B13 -> -0.58293196
A14: =samples!A13+Ts -> 0.0012 | B14: =SIN(2*PI()*F1_*$A14) -> 0.12533323 | C14: =COS(2*PI()*F2_*$A14) -> -0.80901699 | D14: =samples!C14+samples!B14 -> -0.68368376
... A512: =samples!A511+Ts -> 0.051 | B512: =SIN(2*PI()*F1_*$A512) -> 0.58778525 | C512: =COS(2*PI()*F2_*$A512) -> -1 | D512: =samples!C512+samples!B512 -> -0.41221475

Sheet Config
A1: Ts | B1: =1/10000 -> 0.0001 | C1: S
A2: F1 | B2: 400 | C2: Hz
A3: F2 | B3: 500 | C3: Hz

Sheet Coefficients_bp_10kHz
A1: Index | B1: Coefficient
A2: 0 | B2: -0.0043226084
A3: 1 | B3: 0.001268298
A4: 2 | B4: 0.0011526905
A5: 3 | B5: 0.0010759816
A6: 4 | B6: 0.0010199084
A7: 5 | B7: 0.00096786771
A8: 6 | B8: 0.00090710841
A9: 7 | B9: 0.00082904915
A10: 8 | B10: 0.00073001083
A11: 9 | B11: 0.00061078955
A12: 10 | B12: 0.00047645596
A13: 11 | B13: 0.00033754925
... A160: 158 | B160: -0.0043226084

Sheet Coefficients_lp_400Hz_10kHz
A1: Index | B1: Coefficient
A2: 0 | B2: 0.0044474838
A3: 1 | B3: 0.0063367685
A4: 2 | B4: 0.0031195982
A5: 3 | B5: 0.0068996541
A6: 4 | B6: 0.0058858781
A7: 5 | B7: 0.00788317
A8: 6 | B8: 0.0075488691
A9: 7 | B9: 0.0083695679
A10: 8 | B10: 0.0079218241
A11: 9 | B11: 0.0077754676
A12: 10 | B12: 0.0068489762
A13: 11 | B13: 0.0058764917
... A122: 120 | B122: 0.0044474838

Sheet o_samples (example)
A1: Time | B1: o_sample
A2: =samples!A2 -> 0 | B2: 0.00444748
A3: =samples!A3 -> 0.0001 | B3: 0.0116726
A4: =samples!A4 -> 0.0002 | B4: 0.0164628
A5: =samples!A5 -> 0.0003 | B5: 0.0244804
A6: =samples!A6 -> 0.0004 | B6: 0.0313824
A7: =samples!A7 -> 0.0005 | B7: 0.0393581
A8: =samples!A8 -> 0.0006 | B8: 0.0460716
A9: =samples!A9 -> 0.0007 | B9: 0.0521357
A10: =samples!A10 -> 0.0008 | B10: 0.0561629
A11: =samples!A11 -> 0.0009 | B11: 0.0581661
A12: =samples!A12 -> 0.001 | B12: 0.0573543
A13: =samples!A13 -> 0.0011 | B13: 0.0536882
... A512: =samples!A512 -> 0.051 | B512: -0.00971517
